path,name,id
Região de SAB > Sector 1 > AS CMI,CS APGB,IRxYbxpr6Eu
Região de SAB > Sector 1 > AS CMI,CS Policlinica UNTG,HkBxHn7GJ14
Região de SAB > Sector 1 > AS CMI,Hospital Nacional Simao Mendes,yv3zoYMvzdj
Região de SAB > Sector 1 > AS CMI,SAB/CMI/004,hfWin003173
Região de SAB > Sector 1 > AS CMI,SAB/CMI/002,hfWin003171
Região de SAB > Sector 1 > AS CMI,SAB/CMI/009,hfWin003178
Região de SAB > Sector 1 > AS CMI,SAB/CMI/014,hfWin003183
Região de SAB > Sector 1 > AS CMI,Clinica Santa,r0TLP3zQPLM
Região de SAB > Sector 1 > AS CMI,SAB/CMI/003,hfWin003172
Região de SAB > Sector 1 > AS CMI,Clinica Ceu & Terra,v1l7zA2Yzyf
Região de SAB > Sector 1 > AS CMI,Clinica Delfim,jNgqSd92MfF
Região de SAB > Sector 1 > AS CMI,CS SMI,VgRPT6Hczye
Região de SAB > Sector 1 > AS CMI,Clinica Mavegro,rabslFASokq
Região de SAB > Sector 1 > AS CMI,CS Marinha Nacional,N3DqS562Mu9
Região de SAB > Sector 1 > AS CMI,CS Dispensario Nações Unidas,HvqpYGgDt9G
Região de SAB > Sector 1 > AS CMI,SAB/CMI/008,hfWin003177
Região de SAB > Sector 1 > AS CMI,SAB/CMI/007,hfWin003176
Região de SAB > Sector 1 > AS CMI,Clinica Aly Acha,CS9OSw3XH8q
Região de SAB > Sector 1 > AS CMI,CS Ministerio do Interior,SYKeVMnaRhR
Região de SAB > Sector 1 > AS CMI,CS UN Dispensario,MNrzZU6IwQi
Região de SAB > Sector 1 > AS CMI,SAB/CMI/001,hfWin003170
Região de SAB > Sector 1 > AS CMI,SAB/CMI/010,hfWin003179
Região de SAB > Sector 1 > AS CMI,SAB/CMI/013,hfWin003182
Região de SAB > Sector 1 > AS CMI,SAB/CMI/006,hfWin003175
Região de SAB > Sector 1 > AS CMI,SAB/CMI/011,hfWin003180
Região de SAB > Sector 1 > AS CMI,SAB/CMI/012,hfWin003181
Região de SAB > Sector 1 > AS CMI,SAB/CMI/005,hfWin003174
Região de SAB > Sector 2 > AS Sintra Nema,SAB/S.NEM/003,SABBMIL0157
Região de SAB > Sector 2 > AS Sintra Nema,SAB/S.NEM/008,rVtPpmRnx0t
Região de SAB > Sector 2 > AS Sintra Nema,SAB/S.NEM/006,SABBMIL0160
Região de SAB > Sector 2 > AS Sintra Nema,SAB/S.NEM/002,SABBMIL0156
Região de SAB > Sector 2 > AS Sintra Nema,SAB/S.NEM/007,mx2t5QqavCe
Região de SAB > Sector 2 > AS Sintra Nema,SAB/S.NEM/004,SABBMIL0158
Região de SAB > Sector 2 > AS Sintra Nema,SAB/S.NEM/005,SABBMIL0159
Região de SAB > Sector 2 > AS Sintra Nema,SAB/S.NEM/001,SABBMIL0155
Região de SAB > Sector 2 > AS Pefine,SAB/PEF/003,hfWin003339
Região de SAB > Sector 2 > AS Pefine,SAB/PEF/012,hfWin003348
Região de SAB > Sector 2 > AS Pefine,SAB/PEF/007,hfWin003343
Região de SAB > Sector 2 > AS Pefine,SAB/PEF/001,hfWin003337
Região de SAB > Sector 2 > AS Pefine,SAB/PEF/004,hfWin003340
Região de SAB > Sector 2 > AS Pefine,SAB/PEF/013,hfWin003349
Região de SAB > Sector 2 > AS Pefine,SAB/PEF/010,hfWin003346
Região de SAB > Sector 2 > AS Pefine,SAB/PEF/009,hfWin003345
Região de SAB > Sector 2 > AS Pefine,SAB/PEF/006,hfWin003342
Região de SAB > Sector 2 > AS Pefine,SAB/PEF/005,hfWin003341
Região de SAB > Sector 2 > AS Pefine,SAB/PEF/011,hfWin003347
Região de SAB > Sector 2 > AS Pefine,CS Pefine,sIAyEE4WBTp
Região de SAB > Sector 2 > AS Pefine,SAB/PEF/002,hfWin003338
Região de SAB > Sector 2 > AS Pefine,SAB/PEF/014,hfWin003350
Região de SAB > Sector 2 > AS Pefine,SAB/PEF/008,hfWin003344
Região de SAB > Sector 5 > AS Bairro Ajuda,SAB/AJU/001,hfWin002848
Região de SAB > Sector 5 > AS Bairro Ajuda,CS Aguibef,dJvlZPJfzyb
Região de SAB > Sector 5 > AS Bairro Ajuda,SAB/AJU/002,hfWin002849
Região de SAB > Sector 5 > AS Bairro Ajuda,SAB/AJU/003,hfWin002850
Região de SAB > Sector 5 > AS Bairro Ajuda,CS Ajuda,vZQ7UwtbKkI
Região de SAB > Sector 5 > AS Missira,SAB/MIS/031,hfWin003335
Região de SAB > Sector 5 > AS Missira,SAB/MIS/009,hfWin003313
Região de SAB > Sector 5 > AS Missira,SAB/MIS/014,hfWin003318
Região de SAB > Sector 5 > AS Missira,SAB/MIS/002,hfWin003306
Região de SAB > Sector 5 > AS Missira,SAB/MIS/027,hfWin003331
Região de SAB > Sector 5 > AS Missira,SAB/MIS/026,hfWin003330
Região de SAB > Sector 5 > AS Missira,SAB/MIS/032,hfWin003336
Região de SAB > Sector 5 > AS Missira,SAB/MIS/030,hfWin003334
Região de SAB > Sector 5 > AS Missira,SAB/MIS/008,hfWin003312
Região de SAB > Sector 5 > AS Missira,SAB/MIS/021,hfWin003325
Região de SAB > Sector 5 > AS Missira,SAB/MIS/003,hfWin003307
Região de SAB > Sector 5 > AS Missira,SAB/MIS/015,hfWin003319
Região de SAB > Sector 5 > AS Missira,SAB/MIS/004,hfWin003308
Região de SAB > Sector 5 > AS Missira,SAB/MIS/019,hfWin003323
Região de SAB > Sector 5 > AS Missira,SAB/MIS/007,hfWin003311
Região de SAB > Sector 5 > AS Missira,SAB/MIS/022,hfWin003326
Região de SAB > Sector 5 > AS Missira,SAB/MIS/010,hfWin003314
Região de SAB > Sector 5 > AS Missira,SAB/MIS/006,hfWin003310
Região de SAB > Sector 5 > AS Missira,SAB/MIS/005,hfWin003309
Região de SAB > Sector 5 > AS Missira,SAB/MIS/018,hfWin003322
Região de SAB > Sector 5 > AS Missira,SAB/MIS/011,hfWin003315
Região de SAB > Sector 5 > AS Missira,SAB/MIS/023,hfWin003327
Região de SAB > Sector 5 > AS Missira,SAB/MIS/017,hfWin003321
Região de SAB > Sector 5 > AS Missira,SAB/MIS/029,hfWin003333
Região de SAB > Sector 5 > AS Missira,SAB/MIS/012,hfWin003316
Região de SAB > Sector 5 > AS Missira,SAB/MIS/024,hfWin003328
Região de SAB > Sector 5 > AS Missira,SAB/MIS/028,hfWin003332
Região de SAB > Sector 5 > AS Missira,SAB/MIS/020,hfWin003324
Região de SAB > Sector 5 > AS Missira,SAB/MIS/025,hfWin003329
Região de SAB > Sector 5 > AS Missira,SAB/MIS/016,hfWin003320
Região de SAB > Sector 5 > AS Missira,SAB/MIS/013,hfWin003317
Região de SAB > Sector 5 > AS Missira,SAB/MIS/001,hfWin003305
Região de SAB > Sector 5 > AS Luanda,SAB/LUA/004,hfWin003267
Região de SAB > Sector 5 > AS Luanda,SAB/LUA/016,hfWin003279
Região de SAB > Sector 5 > AS Luanda,SAB/LUA/034,hfWin003297
Região de SAB > Sector 5 > AS Luanda,SAB/LUA/010,hfWin003273
Região de SAB > Sector 5 > AS Luanda,SAB/LUA/017,hfWin003280
Região de SAB > Sector 5 > AS Luanda,SAB/LUA/029,hfWin003292
Região de SAB > Sector 5 > AS Luanda,SAB/LUA/041,hfWin003304
Região de SAB > Sector 5 > AS Luanda,SAB/LUA/022,hfWin003285
Região de SAB > Sector 5 > AS Luanda,SAB/LUA/018,hfWin003281
Região de SAB > Sector 5 > AS Luanda,SAB/LUA/021,hfWin003284
Região de SAB > Sector 5 > AS Luanda,CS Oftalmologia Evangélica,dmLPq27tWt6
Região de SAB > Sector 5 > AS Luanda,SAB/LUA/033,hfWin003296
Região de SAB > Sector 5 > AS Luanda,SAB/LUA/003,hfWin003266
Região de SAB > Sector 5 > AS Luanda,SAB/LUA/015,hfWin003278
Região de SAB > Sector 5 > AS Luanda,SAB/LUA/032,hfWin003295
Região de SAB > Sector 5 > AS Luanda,CS Luanda,YWQyFAdpAW5
Região de SAB > Sector 5 > AS Luanda,SAB/LUA/014,hfWin003277
Região de SAB > Sector 5 > AS Luanda,SAB/LUA/026,hfWin003289
Região de SAB > Sector 5 > AS Luanda,SAB/LUA/002,hfWin003265
Região de SAB > Sector 5 > AS Luanda,SAB/LUA/028,hfWin003291
Região de SAB > Sector 5 > AS Luanda,SAB/LUA/020,hfWin003283
Região de SAB > Sector 5 > AS Luanda,SAB/LUA/025,hfWin003288
Região de SAB > Sector 5 > AS Luanda,SAB/LUA/030,hfWin003293
Região de SAB > Sector 5 > AS Luanda,SAB/LUA/008,hfWin003271
Região de SAB > Sector 5 > AS Luanda,SAB/LUA/039,hfWin003302
Região de SAB > Sector 5 > AS Luanda,SAB/LUA/013,hfWin003276
Região de SAB > Sector 5 > AS Luanda,SAB/LUA/001,hfWin003264
Região de SAB > Sector 5 > AS Luanda,SAB/LUA/024,hfWin003287
Região de SAB > Sector 5 > AS Luanda,SAB/LUA/036,hfWin003299
Região de SAB > Sector 5 > AS Luanda,SAB/LUA/012,hfWin003275
Região de SAB > Sector 5 > AS Luanda,SAB/LUA/031,hfWin003294
Região de SAB > Sector 5 > AS Luanda,SAB/LUA/009,hfWin003272
Região de SAB > Sector 5 > AS Luanda,SAB/LUA/006,hfWin003269
Região de SAB > Sector 5 > AS Luanda,SAB/LUA/027,hfWin003290
Região de SAB > Sector 5 > AS Luanda,SAB/LUA/038,hfWin003301
Região de SAB > Sector 5 > AS Luanda,SAB/LUA/011,hfWin003274
Região de SAB > Sector 5 > AS Luanda,SAB/LUA/007,hfWin003270
Região de SAB > Sector 5 > AS Luanda,SAB/LUA/023,hfWin003286
Região de SAB > Sector 5 > AS Luanda,SAB/LUA/035,hfWin003298
Região de SAB > Sector 5 > AS Luanda,SAB/LUA/005,hfWin003268
Região de SAB > Sector 5 > AS Luanda,SAB/LUA/037,hfWin003300
Região de SAB > Sector 5 > AS Luanda,SAB/LUA/040,hfWin003303
Região de SAB > Sector 5 > AS Luanda,SAB/LUA/019,hfWin003282
Região de SAB > Sector 3 > AS Bandim,SAB/BAN/003,hfWin003104
Região de SAB > Sector 3 > AS Bandim,SAB/BAN/033,hfWin003134
Região de SAB > Sector 3 > AS Bandim,SAB/BAN/004,hfWin003105
Região de SAB > Sector 3 > AS Bandim,SAB/BAN/028,hfWin003129
Região de SAB > Sector 3 > AS Bandim,SAB/BAN/002,hfWin003103
Região de SAB > Sector 3 > AS Bandim,SAB/BAN/032,hfWin003133
Região de SAB > Sector 3 > AS Bandim,SAB/BAN/005,hfWin003106
Região de SAB > Sector 3 > AS Bandim,SAB/BAN/031,hfWin003132
Região de SAB > Sector 3 > AS Bandim,SAB/BAN/001,hfWin003102
Região de SAB > Sector 3 > AS Bandim,SAB/BAN/025,hfWin003126
Região de SAB > Sector 3 > AS Bandim,SAB/BAN/009,hfWin003110
Região de SAB > Sector 3 > AS Bandim,SAB/BAN/039,hfWin003140
Região de SAB > Sector 3 > AS Bandim,SAB/BAN/006,hfWin003107
Região de SAB > Sector 3 > AS Bandim,SAB/BAN/049,hfWin003150
Região de SAB > Sector 3 > AS Bandim,SAB/BAN/042,hfWin003143
Região de SAB > Sector 3 > AS Bandim,SAB/BAN/030,hfWin003131
Região de SAB > Sector 3 > AS Bandim,SAB/BAN/037,hfWin003138
Região de SAB > Sector 3 > AS Bandim,SAB/BAN/041,hfWin003142
Região de SAB > Sector 3 > AS Bandim,SAB/BAN/053,hfWin003154
Região de SAB > Sector 3 > AS Bandim,SAB/BAN/040,hfWin003141
Região de SAB > Sector 3 > AS Bandim,SAB/BAN/026,hfWin003127
Região de SAB > Sector 3 > AS Bandim,SAB/BAN/052,hfWin003153
Região de SAB > Sector 3 > AS Bandim,SAB/BAN/038,hfWin003139
Região de SAB > Sector 3 > AS Bandim,SAB/BAN/051,hfWin003152
Região de SAB > Sector 3 > AS Bandim,SAB/BAN/015,hfWin003116
Região de SAB > Sector 3 > AS Bandim,SAB/BAN/027,hfWin003128
Região de SAB > Sector 3 > AS Bandim,CS Centro de Recuperacao nutricional Bandim,DQAA2V0sXJ6
Região de SAB > Sector 3 > AS Bandim,SAB/BAN/045,hfWin003146
Região de SAB > Sector 3 > AS Bandim,SAB/BAN/050,hfWin003151
Região de SAB > Sector 3 > AS Bandim,SAB/BAN/021,hfWin003122
Região de SAB > Sector 3 > AS Bandim,SAB/BAN/029,hfWin003130
Região de SAB > Sector 3 > AS Bandim,SAB/BAN/044,hfWin003145
Região de SAB > Sector 3 > AS Bandim,SAB/BAN/016,hfWin003117
Região de SAB > Sector 3 > AS Bandim,SAB/BAN/020,hfWin003121
Região de SAB > Sector 3 > AS Bandim,SAB/BAN/014,hfWin003115
Região de SAB > Sector 3 > AS Bandim,SAB/BAN/017,hfWin003118
Região de SAB > Sector 3 > AS Bandim,SAB/BAN/043,hfWin003144
Região de SAB > Sector 3 > AS Bandim,CS Bandim,H8CN0DpQKac
Região de SAB > Sector 3 > AS Bandim,SAB/BAN/013,hfWin003114
Região de SAB > Sector 3 > AS Bandim,CS Projecto Saude Bandim,GxpO2wJTOmv
Região de SAB > Sector 3 > AS Bandim,SAB/BAN/018,hfWin003119
Região de SAB > Sector 3 > AS Bandim,SAB/BAN/048,hfWin003149
Região de SAB > Sector 3 > AS Bandim,SAB/BAN/012,hfWin003113
Região de SAB > Sector 3 > AS Bandim,SAB/BAN/024,hfWin003125
Região de SAB > Sector 3 > AS Bandim,SAB/BAN/036,hfWin003137
Região de SAB > Sector 3 > AS Bandim,SAB/BAN/035,hfWin003136
Região de SAB > Sector 3 > AS Bandim,SAB/BAN/047,hfWin003148
Região de SAB > Sector 3 > AS Bandim,SAB/BAN/007,hfWin003108
Região de SAB > Sector 3 > AS Bandim,SAB/BAN/019,hfWin003120
Região de SAB > Sector 3 > AS Bandim,SAB/BAN/023,hfWin003124
Região de SAB > Sector 3 > AS Bandim,SAB/BAN/011,hfWin003112
Região de SAB > Sector 3 > AS Bandim,SAB/BAN/010,hfWin003111
Região de SAB > Sector 3 > AS Bandim,SAB/BAN/034,hfWin003135
Região de SAB > Sector 3 > AS Bandim,SAB/BAN/046,hfWin003147
Região de SAB > Sector 3 > AS Bandim,SAB/BAN/022,hfWin003123
Região de SAB > Sector 3 > AS Bandim,SAB/BAN/008,hfWin003109
Região de SAB > Sector 3 > AS Belem,SAB/BEL/003,hfWin003157
Região de SAB > Sector 3 > AS Belem,SAB/BEL/015,hfWin003169
Região de SAB > Sector 3 > AS Belem,SAB/SIN/005,hfWin003477
Região de SAB > Sector 3 > AS Belem,SAB/SIN/007,hfWin003479
Região de SAB > Sector 3 > AS Belem,SAB/BEL/014,hfWin003168
Região de SAB > Sector 3 > AS Belem,SAB/BEL/002,hfWin003156
Região de SAB > Sector 3 > AS Belem,SAB/SIN/004,hfWin003476
Região de SAB > Sector 3 > AS Belem,CS Cida Alternag,OYIODqys81Q
Região de SAB > Sector 3 > AS Belem,SAB/BEL/001,hfWin003155
Região de SAB > Sector 3 > AS Belem,SAB/BEL/009,hfWin003163
Região de SAB > Sector 3 > AS Belem,SAB/SIN/003,hfWin003475
Região de SAB > Sector 3 > AS Belem,SAB/BEL/013,hfWin003167
Região de SAB > Sector 3 > AS Belem,Farmacia Cristo Redentor Belem,nlHg8kxMJhW
Região de SAB > Sector 3 > AS Belem,SAB/BEL/008,hfWin003162
Região de SAB > Sector 3 > AS Belem,SAB/BEL/012,hfWin003166
Região de SAB > Sector 3 > AS Belem,SAB/SIN/002,hfWin003474
Região de SAB > Sector 3 > AS Belem,SAB/SIN/001,hfWin003473
Região de SAB > Sector 3 > AS Belem,SAB/BEL/005,hfWin003159
Região de SAB > Sector 3 > AS Belem,SAB/SIN/008,hfWin003480
Região de SAB > Sector 3 > AS Belem,SAB/BEL/006,hfWin003160
Região de SAB > Sector 3 > AS Belem,SAB/BEL/011,hfWin003165
Região de SAB > Sector 3 > AS Belem,SAB/BEL/010,hfWin003164
Região de SAB > Sector 3 > AS Belem,SAB/BEL/007,hfWin003161
Região de SAB > Sector 3 > AS Belem,SAB/BEL/004,hfWin003158
Região de SAB > Sector 3 > AS Belem,CS Belem,ur1Ioye5Sc0
Região de SAB > Sector 3 > AS Belem,SAB/SIN/006,hfWin003478
Região de SAB > Sector 4 > AS Antula,SAB/STL/013,hfWin003467
Região de SAB > Sector 4 > AS Antula,SAB/ANT/032,hfWin002882
Região de SAB > Sector 4 > AS Antula,CS Antula,ZSRADAJ0Tdw
Região de SAB > Sector 4 > AS Antula,SAB/ANT/003,hfWin002853
Região de SAB > Sector 4 > AS Antula,SAB/ANT/031,hfWin002881
Região de SAB > Sector 4 > AS Antula,SAB/ANT/027,hfWin002877
Região de SAB > Sector 4 > AS Antula,SAB/STL/014,hfWin003468
Região de SAB > Sector 4 > AS Antula,SAB/STL/012,hfWin003466
Região de SAB > Sector 4 > AS Antula,SAB/ANT/057,hfWin002907
Região de SAB > Sector 4 > AS Antula,SAB/ANT/001,hfWin002851
Região de SAB > Sector 4 > AS Antula,SAB/ANT/063,hfWin002913
Região de SAB > Sector 4 > AS Antula,SAB/ANT/004,hfWin002854
Região de SAB > Sector 4 > AS Antula,SAB/ANT/059,hfWin002909
Região de SAB > Sector 4 > AS Antula,SAB/ANT/030,hfWin002880
Região de SAB > Sector 4 > AS Antula,SAB/STL/015,hfWin003469
Região de SAB > Sector 4 > AS Antula,SAB/ANT/064,hfWin002914
Região de SAB > Sector 4 > AS Antula,SAB/ANT/065,hfWin002915
Região de SAB > Sector 4 > AS Antula,SAB/ANT/028,hfWin002878
Região de SAB > Sector 4 > AS Antula,SAB/STL/011,hfWin003465
Região de SAB > Sector 4 > AS Antula,SAB/ANT/029,hfWin002879
Região de SAB > Sector 4 > AS Antula,SAB/ANT/005,hfWin002855
Região de SAB > Sector 4 > AS Antula,SAB/ANT/035,hfWin002885
Região de SAB > Sector 4 > AS Antula,SAB/ANT/058,hfWin002908
Região de SAB > Sector 4 > AS Antula,SAB/ANT/066,hfWin002916
Região de SAB > Sector 4 > AS Antula,SAB/STL/010,hfWin003464
Região de SAB > Sector 4 > AS Antula,SAB/ANT/041,hfWin002891
Região de SAB > Sector 4 > AS Antula,SAB/STL/006,hfWin003460
Região de SAB > Sector 4 > AS Antula,SAB/STL/018,hfWin003472
Região de SAB > Sector 4 > AS Antula,SAB/ANT/024,hfWin002874
Região de SAB > Sector 4 > AS Antula,SAB/ANT/036,hfWin002886
Região de SAB > Sector 4 > AS Antula,SAB/ANT/048,hfWin002898
Região de SAB > Sector 4 > AS Antula,SAB/STL/005,hfWin003459
Região de SAB > Sector 4 > AS Antula,SAB/STL/017,hfWin003471
Região de SAB > Sector 4 > AS Antula,SAB/ANT/040,hfWin002890
Região de SAB > Sector 4 > AS Antula,SAB/ANT/054,hfWin002904
Região de SAB > Sector 4 > AS Antula,SAB/ANT/025,hfWin002875
Região de SAB > Sector 4 > AS Antula,SAB/ANT/013,hfWin002863
Região de SAB > Sector 4 > AS Antula,CS Clinica Madrugada,C4B4OIO8U5m
Região de SAB > Sector 4 > AS Antula,SAB/ANT/037,hfWin002887
Região de SAB > Sector 4 > AS Antula,SAB/ANT/049,hfWin002899
Região de SAB > Sector 4 > AS Antula,SAB/ANT/056,hfWin002906
Região de SAB > Sector 4 > AS Antula,SAB/ANT/067,hfWin002917
Região de SAB > Sector 4 > AS Antula,SAB/ANT/055,hfWin002905
Região de SAB > Sector 4 > AS Antula,SAB/ANT/014,hfWin002864
Região de SAB > Sector 4 > AS Antula,SAB/ANT/026,hfWin002876
Região de SAB > Sector 4 > AS Antula,SAB/ANT/002,hfWin002852
Região de SAB > Sector 4 > AS Antula,SAB/ANT/038,hfWin002888
Região de SAB > Sector 4 > AS Antula,SAB/STL/016,hfWin003470
Região de SAB > Sector 4 > AS Antula,SAB/ANT/009,hfWin002859
Região de SAB > Sector 4 > AS Antula,SAB/ANT/044,hfWin002894
Região de SAB > Sector 4 > AS Antula,SAB/STL/001,hfWin003455
Região de SAB > Sector 4 > AS Antula,SAB/ANT/020,hfWin002870
Região de SAB > Sector 4 > AS Antula,SAB/ANT/051,hfWin002901
Região de SAB > Sector 4 > AS Antula,SAB/STL/009,hfWin003463
Região de SAB > Sector 4 > AS Antula,SAB/ANT/043,hfWin002893
Região de SAB > Sector 4 > AS Antula,SAB/ANT/015,hfWin002865
Região de SAB > Sector 4 > AS Antula,SAB/ANT/039,hfWin002889
Região de SAB > Sector 4 > AS Antula,SAB/STL/008,hfWin003462
Região de SAB > Sector 4 > AS Antula,SAB/ANT/016,hfWin002866
Região de SAB > Sector 4 > AS Antula,SAB/STL/007,hfWin003461
Região de SAB > Sector 4 > AS Antula,SAB/ANT/046,hfWin002896
Região de SAB > Sector 4 > AS Antula,SAB/ANT/052,hfWin002902
Região de SAB > Sector 4 > AS Antula,SAB/STL/003,hfWin003457
Região de SAB > Sector 4 > AS Antula,SAB/ANT/042,hfWin002892
Região de SAB > Sector 4 > AS Antula,SAB/ANT/012,hfWin002862
Região de SAB > Sector 4 > AS Antula,SAB/ANT/017,hfWin002867
Região de SAB > Sector 4 > AS Antula,SAB/ANT/053,hfWin002903
Região de SAB > Sector 4 > AS Antula,SAB/ANT/047,hfWin002897
Região de SAB > Sector 4 > AS Antula,SAB/STL/004,hfWin003458
Região de SAB > Sector 4 > AS Antula,SAB/ANT/023,hfWin002873
Região de SAB > Sector 4 > AS Antula,SAB/ANT/006,hfWin002856
Região de SAB > Sector 4 > AS Antula,SAB/ANT/011,hfWin002861
Região de SAB > Sector 4 > AS Antula,SAB/ANT/034,hfWin002884
Região de SAB > Sector 4 > AS Antula,SAB/ANT/060,hfWin002910
Região de SAB > Sector 4 > AS Antula,SAB/ANT/018,hfWin002868
Região de SAB > Sector 4 > AS Antula,SAB/ANT/022,hfWin002872
Região de SAB > Sector 4 > AS Antula,SAB/ANT/010,hfWin002860
Região de SAB > Sector 4 > AS Antula,SAB/ANT/019,hfWin002869
Região de SAB > Sector 4 > AS Antula,SAB/ANT/021,hfWin002871
Região de SAB > Sector 4 > AS Antula,SAB/ANT/045,hfWin002895
Região de SAB > Sector 4 > AS Antula,SAB/ANT/061,hfWin002911
Região de SAB > Sector 4 > AS Antula,SAB/STL/002,hfWin003456
Região de SAB > Sector 4 > AS Antula,SAB/ANT/007,hfWin002857
Região de SAB > Sector 4 > AS Antula,SAB/ANT/033,hfWin002883
Região de SAB > Sector 4 > AS Antula,SAB/ANT/062,hfWin002912
Região de SAB > Sector 4 > AS Antula,SAB/ANT/050,hfWin002900
Região de SAB > Sector 4 > AS Antula,SAB/ANT/008,hfWin002858
Região de SAB > Sector 4 > AS Santa Luzia,SAB/SAN/005,SABBMIL0144
Região de SAB > Sector 4 > AS Santa Luzia,SAB/SAN/014,SABBMIL0153
Região de SAB > Sector 4 > AS Santa Luzia,SAB/SAN/008,SABBMIL0147
Região de SAB > Sector 4 > AS Santa Luzia,SAB/SAN/013,SABBMIL0152
Região de SAB > Sector 4 > AS Santa Luzia,SAB/SAN/017,XvZ8datctkc
Região de SAB > Sector 4 > AS Santa Luzia,SAB/SAN/016,kwIblTBOWff
Região de SAB > Sector 4 > AS Santa Luzia,SAB/SAN/001,SABBMIL0140
Região de SAB > Sector 4 > AS Santa Luzia,SAB/SAN/010,SABBMIL0149
Região de SAB > Sector 4 > AS Santa Luzia,SAB/SAN/009,SABBMIL0148
Região de SAB > Sector 4 > AS Santa Luzia,SAB/SAN/015,SABBMIL0154
Região de SAB > Sector 4 > AS Santa Luzia,SAB/SAN/003,SABBMIL0142
Região de SAB > Sector 4 > AS Santa Luzia,SAB/SAN/006,SABBMIL0145
Região de SAB > Sector 4 > AS Santa Luzia,SAB/SAN/007,SABBMIL0146
Região de SAB > Sector 4 > AS Santa Luzia,SAB/SAN/012,SABBMIL0151
Região de SAB > Sector 4 > AS Santa Luzia,SAB/SAN/004,SABBMIL0143
Região de SAB > Sector 4 > AS Santa Luzia,SAB/SAN/018,QP7uB3XzpdR
Região de SAB > Sector 4 > AS Santa Luzia,SAB/SAN/002,SABBMIL0141
Região de SAB > Sector 4 > AS Santa Luzia,SAB/SAN/011,SABBMIL0150
Região de SAB > Sector 6 > AS Quelele,SAB/QUE/033,hfWin003434
Região de SAB > Sector 6 > AS Quelele,SAB/QUE/004,hfWin003405
Região de SAB > Sector 6 > AS Quelele,SAB/QUE/034,hfWin003435
Região de SAB > Sector 6 > AS Quelele,SAB/QUE/028,hfWin003429
Região de SAB > Sector 6 > AS Quelele,SAB/QUE/032,hfWin003433
Região de SAB > Sector 6 > AS Quelele,CS Centro de Recuperacao Motora,k0e9qFXVMPg
Região de SAB > Sector 6 > AS Quelele,SAB/QUE/035,hfWin003436
Região de SAB > Sector 6 > AS Quelele,SAB/QUE/039,hfWin003440
Região de SAB > Sector 6 > AS Quelele,SAB/QUE/005,hfWin003406
Região de SAB > Sector 6 > AS Quelele,SAB/QUE/031,hfWin003432
Região de SAB > Sector 6 > AS Quelele,SAB/QUE/006,hfWin003407
Região de SAB > Sector 6 > AS Quelele,SAB/QUE/009,hfWin003410
Região de SAB > Sector 6 > AS Quelele,SAB/QUE/012,hfWin003413
Região de SAB > Sector 6 > AS Quelele,SAB/QUE/036,hfWin003437
Região de SAB > Sector 6 > AS Quelele,SAB/QUE/007,hfWin003408
Região de SAB > Sector 6 > AS Quelele,SAB/QUE/011,hfWin003412
Região de SAB > Sector 6 > AS Quelele,SAB/QUE/019,hfWin003420
Região de SAB > Sector 6 > AS Quelele,SAB/QUE/008,hfWin003409
Região de SAB > Sector 6 > AS Quelele,SAB/QUE/022,hfWin003423
Região de SAB > Sector 6 > AS Quelele,SAB/QUE/010,hfWin003411
Região de SAB > Sector 6 > AS Quelele,SAB/QUE/045,hfWin003446
Região de SAB > Sector 6 > AS Quelele,SAB/QUE/016,hfWin003417
Região de SAB > Sector 6 > AS Quelele,SAB/QUE/021,hfWin003422
Região de SAB > Sector 6 > AS Quelele,SAB/QUE/051,hfWin003452
Região de SAB > Sector 6 > AS Quelele,SAB/QUE/029,hfWin003430
Região de SAB > Sector 6 > AS Quelele,SAB/QUE/046,hfWin003447
Região de SAB > Sector 6 > AS Quelele,CS Quelele,cdiiuBllOee
Região de SAB > Sector 6 > AS Quelele,SAB/QUE/044,hfWin003445
Região de SAB > Sector 6 > AS Quelele,SAB/QUE/050,hfWin003451
Região de SAB > Sector 6 > AS Quelele,SAB/QUE/020,hfWin003421
Região de SAB > Sector 6 > AS Quelele,SAB/QUE/047,hfWin003448
Região de SAB > Sector 6 > AS Quelele,SAB/QUE/023,hfWin003424
Região de SAB > Sector 6 > AS Quelele,SAB/QUE/017,hfWin003418
Região de SAB > Sector 6 > AS Quelele,SAB/QUE/043,hfWin003444
Região de SAB > Sector 6 > AS Quelele,SAB/QUE/018,hfWin003419
Região de SAB > Sector 6 > AS Quelele,SAB/QUE/024,hfWin003425
Região de SAB > Sector 6 > AS Quelele,SAB/QUE/048,hfWin003449
Região de SAB > Sector 6 > AS Quelele,SAB/QUE/030,hfWin003431
Região de SAB > Sector 6 > AS Quelele,SAB/QUE/042,hfWin003443
Região de SAB > Sector 6 > AS Quelele,SAB/QUE/001,hfWin003402
Região de SAB > Sector 6 > AS Quelele,SAB/QUE/013,hfWin003414
Região de SAB > Sector 6 > AS Quelele,SAB/QUE/053,hfWin003454
Região de SAB > Sector 6 > AS Quelele,SAB/QUE/025,hfWin003426
Região de SAB > Sector 6 > AS Quelele,SAB/QUE/049,hfWin003450
Região de SAB > Sector 6 > AS Quelele,SAB/QUE/037,hfWin003438
Região de SAB > Sector 6 > AS Quelele,SAB/QUE/041,hfWin003442
Região de SAB > Sector 6 > AS Quelele,SAB/QUE/002,hfWin003403
Região de SAB > Sector 6 > AS Quelele,SAB/QUE/014,hfWin003415
Região de SAB > Sector 6 > AS Quelele,SAB/QUE/026,hfWin003427
Região de SAB > Sector 6 > AS Quelele,SAB/QUE/040,hfWin003441
Região de SAB > Sector 6 > AS Quelele,SAB/QUE/052,hfWin003453
Região de SAB > Sector 6 > AS Quelele,SAB/QUE/038,hfWin003439
Região de SAB > Sector 6 > AS Quelele,SAB/QUE/027,hfWin003428
Região de SAB > Sector 6 > AS Quelele,SAB/QUE/003,hfWin003404
Região de SAB > Sector 6 > AS Quelele,SAB/QUE/015,hfWin003416
Região de SAB > Sector 6 > AS Cuntum,SAB/CUN/058,hfWin003241
Região de SAB > Sector 6 > AS Cuntum,SAB/CUN/021,hfWin003204
Região de SAB > Sector 6 > AS Cuntum,SAB/CUN/080,hfWin003263
Região de SAB > Sector 6 > AS Cuntum,SAB/CUN/074,hfWin003257
Região de SAB > Sector 6 > AS Cuntum,SAB/CUN/020,hfWin003203
Região de SAB > Sector 6 > AS Cuntum,SAB/CUN/022,hfWin003205
Região de SAB > Sector 6 > AS Cuntum,SAB/CUN/076,hfWin003259
Região de SAB > Sector 6 > AS Cuntum,SAB/CUN/073,hfWin003256
Região de SAB > Sector 6 > AS Cuntum,SAB/CUN/023,hfWin003206
Região de SAB > Sector 6 > AS Cuntum,SAB/CUN/057,hfWin003240
Região de SAB > Sector 6 > AS Cuntum,SAB/CUN/072,hfWin003255
Região de SAB > Sector 6 > AS Cuntum,SAB/CUN/071,hfWin003254
Região de SAB > Sector 6 > AS Cuntum,SAB/CUN/066,hfWin003249
Região de SAB > Sector 6 > AS Cuntum,SAB/CUN/067,hfWin003250
Região de SAB > Sector 6 > AS Cuntum,SAB/CUN/070,hfWin003253
Região de SAB > Sector 6 > AS Cuntum,SAB/CUN/032,hfWin003215
Região de SAB > Sector 6 > AS Cuntum,SAB/CUN/002,hfWin003185
Região de SAB > Sector 6 > AS Cuntum,SAB/CUN/034,hfWin003217
Região de SAB > Sector 6 > AS Cuntum,SAB/CUN/031,hfWin003214
Região de SAB > Sector 6 > AS Cuntum,SAB/CUN/061,hfWin003244
Região de SAB > Sector 6 > AS Cuntum,SAB/CUN/038,hfWin003221
Região de SAB > Sector 6 > AS Cuntum,SAB/CUN/065,hfWin003248
Região de SAB > Sector 6 > AS Cuntum,SAB/CUN/009,hfWin003192
Região de SAB > Sector 6 > AS Cuntum,SAB/CUN/068,hfWin003251
Região de SAB > Sector 6 > AS Cuntum,CS Cuntum Ambulatorio,fXaxlUNritk
Região de SAB > Sector 6 > AS Cuntum,SAB/CUN/024,hfWin003207
Região de SAB > Sector 6 > AS Cuntum,SAB/CUN/036,hfWin003219
Região de SAB > Sector 6 > AS Cuntum,SAB/CUN/041,hfWin003224
Região de SAB > Sector 6 > AS Cuntum,SAB/CUN/053,hfWin003236
Região de SAB > Sector 6 > AS Cuntum,SAB/CUN/007,hfWin003190
Região de SAB > Sector 6 > AS Cuntum,SAB/CUN/026,hfWin003209
Região de SAB > Sector 6 > AS Cuntum,SAB/CUN/048,hfWin003231
Região de SAB > Sector 6 > AS Cuntum,SAB/CUN/063,hfWin003246
Região de SAB > Sector 6 > AS Cuntum,SAB/CUN/010,hfWin003193
Região de SAB > Sector 6 > AS Cuntum,SAB/CUN/075,hfWin003258
Região de SAB > Sector 6 > AS Cuntum,SAB/CUN/051,hfWin003234
Região de SAB > Sector 6 > AS Cuntum,SAB/CUN/014,hfWin003197
Região de SAB > Sector 6 > AS Cuntum,SAB/CUN/045,hfWin003228
Região de SAB > Sector 6 > AS Cuntum,SAB/CUN/050,hfWin003233
Região de SAB > Sector 6 > AS Cuntum,SAB/CUN/028,hfWin003211
Região de SAB > Sector 6 > AS Cuntum,SAB/CUN/046,hfWin003229
Região de SAB > Sector 6 > AS Cuntum,SAB/CUN/012,hfWin003195
Região de SAB > Sector 6 > AS Cuntum,SAB/CUN/013,hfWin003196
Região de SAB > Sector 6 > AS Cuntum,SAB/CUN/027,hfWin003210
Região de SAB > Sector 6 > AS Cuntum,Hospital Raoul Follereau,N5kQykCLv3b
Região de SAB > Sector 6 > AS Cuntum,SAB/CUN/042,hfWin003225
Região de SAB > Sector 6 > AS Cuntum,CS Cuntum,d5nVGQ2azA1
Região de SAB > Sector 6 > AS Cuntum,SAB/CUN/006,hfWin003189
Região de SAB > Sector 6 > AS Cuntum,SAB/CUN/079,hfWin003262
Região de SAB > Sector 6 > AS Cuntum,SAB/CUN/005,hfWin003188
Região de SAB > Sector 6 > AS Cuntum,SAB/CUN/054,hfWin003237
Região de SAB > Sector 6 > AS Cuntum,SAB/CUN/019,hfWin003202
Região de SAB > Sector 6 > AS Cuntum,SAB/CUN/043,hfWin003226
Região de SAB > Sector 6 > AS Cuntum,SAB/CUN/055,hfWin003238
Região de SAB > Sector 6 > AS Cuntum,SAB/CUN/077,hfWin003260
Região de SAB > Sector 6 > AS Cuntum,SAB/CUN/004,hfWin003187
Região de SAB > Sector 6 > AS Cuntum,SAB/CUN/016,hfWin003199
Região de SAB > Sector 6 > AS Cuntum,SAB/CUN/018,hfWin003201
Região de SAB > Sector 6 > AS Cuntum,SAB/CUN/078,hfWin003261
Região de SAB > Sector 6 > AS Cuntum,SAB/CUN/044,hfWin003227
Região de SAB > Sector 6 > AS Cuntum,SAB/CUN/003,hfWin003186
Região de SAB > Sector 6 > AS Cuntum,SAB/CUN/056,hfWin003239
Região de SAB > Sector 6 > AS Cuntum,SAB/CUN/029,hfWin003212
Região de SAB > Sector 6 > AS Cuntum,SAB/CUN/017,hfWin003200
Região de SAB > Sector 6 > AS Cuntum,SAB/CUN/015,hfWin003198
Região de SAB > Sector 6 > AS Cuntum,SAB/CUN/033,hfWin003216
Região de SAB > Sector 6 > AS Cuntum,SAB/CUN/062,hfWin003245
Região de SAB > Sector 6 > AS Cuntum,SAB/CUN/008,hfWin003191
Região de SAB > Sector 6 > AS Cuntum,SAB/CUN/039,hfWin003222
Região de SAB > Sector 6 > AS Cuntum,SAB/CUN/035,hfWin003218
Região de SAB > Sector 6 > AS Cuntum,SAB/CUN/069,hfWin003252
Região de SAB > Sector 6 > AS Cuntum,SAB/CUN/001,hfWin003184
Região de SAB > Sector 6 > AS Cuntum,SAB/CUN/030,hfWin003213
Região de SAB > Sector 6 > AS Cuntum,SAB/CUN/060,hfWin003243
Região de SAB > Sector 6 > AS Cuntum,SAB/CUN/049,hfWin003232
Região de SAB > Sector 6 > AS Cuntum,SAB/CUN/025,hfWin003208
Região de SAB > Sector 6 > AS Cuntum,SAB/CUN/037,hfWin003220
Região de SAB > Sector 6 > AS Cuntum,SAB/CUN/011,hfWin003194
Região de SAB > Sector 6 > AS Cuntum,SAB/CUN/040,hfWin003223
Região de SAB > Sector 6 > AS Cuntum,SAB/CUN/052,hfWin003235
Região de SAB > Sector 6 > AS Cuntum,SAB/CUN/064,hfWin003247
Região de SAB > Sector 6 > AS Cuntum,SAB/CUN/059,hfWin003242
Região de SAB > Sector 6 > AS Cuntum,SAB/CUN/047,hfWin003230
Região de SAB > Sector 8 > AS Plack II,SAB/PLA/037,hfWin003387
Região de SAB > Sector 8 > AS Plack II,SAB/PLA/007,hfWin003357
Região de SAB > Sector 8 > AS Plack II,SAB/PLA/042,hfWin003392
Região de SAB > Sector 8 > AS Plack II,SAB/PLA/008,hfWin003358
Região de SAB > Sector 8 > AS Plack II,SAB/PLA/013,hfWin003363
Região de SAB > Sector 8 > AS Plack II,CS Casa Médica Emanuel,BQdVsfWU44z
Região de SAB > Sector 8 > AS Plack II,SAB/PLA/012,hfWin003362
Região de SAB > Sector 8 > AS Plack II,CS Guine Vissao,vvfY4sKcIjZ
Região de SAB > Sector 8 > AS Plack II,SAB/PLA/036,hfWin003386
Região de SAB > Sector 8 > AS Plack II,Hospital Militar,Zu4bIUnTenx
Região de SAB > Sector 8 > AS Plack II,SAB/PLA/043,hfWin003393
Região de SAB > Sector 8 > AS Plack II,Hospital da Base Aerea,yNs8JgHWT20
Região de SAB > Sector 8 > AS Plack II,SAB/PLA/006,hfWin003356
Região de SAB > Sector 8 > AS Plack II,CS Plack II,eJdtPaziiRh
Região de SAB > Sector 8 > AS Plack II,SAB/PLA/009,hfWin003359
Região de SAB > Sector 8 > AS Plack II,SAB/PLA/035,hfWin003385
Região de SAB > Sector 8 > AS Plack II,SAB/PLA/029,hfWin003379
Região de SAB > Sector 8 > AS Plack II,SAB/PLA/005,hfWin003355
Região de SAB > Sector 8 > AS Plack II,SAB/PLA/041,hfWin003391
Região de SAB > Sector 8 > AS Plack II,SAB/PLA/011,hfWin003361
Região de SAB > Sector 8 > AS Plack II,SAB/PLA/016,hfWin003366
Região de SAB > Sector 8 > AS Plack II,SAB/PLA/028,hfWin003378
Região de SAB > Sector 8 > AS Plack II,SAB/PLA/004,hfWin003354
Região de SAB > Sector 8 > AS Plack II,SAB/PLA/040,hfWin003390
Região de SAB > Sector 8 > AS Plack II,SAB/PLA/003,hfWin003353
Região de SAB > Sector 8 > AS Plack II,CS Centro de Saude Mental,uAKz8qPGftq
Região de SAB > Sector 8 > AS Plack II,SAB/PLA/039,hfWin003389
Região de SAB > Sector 8 > AS Plack II,SAB/PLA/015,hfWin003365
Região de SAB > Sector 8 > AS Plack II,SAB/PLA/027,hfWin003377
Região de SAB > Sector 8 > AS Plack II,SAB/PLA/038,hfWin003388
Região de SAB > Sector 8 > AS Plack II,SAB/PLA/026,hfWin003376
Região de SAB > Sector 8 > AS Plack II,SAB/PLA/002,hfWin003352
Região de SAB > Sector 8 > AS Plack II,SAB/PLA/014,hfWin003364
Região de SAB > Sector 8 > AS Plack II,SAB/PLA/001,hfWin003351
Região de SAB > Sector 8 > AS Plack II,SAB/PLA/049,hfWin003399
Região de SAB > Sector 8 > AS Plack II,SAB/PLA/025,hfWin003375
Região de SAB > Sector 8 > AS Plack II,SAB/PLA/030,hfWin003380
Região de SAB > Sector 8 > AS Plack II,SAB/PLA/024,hfWin003374
Região de SAB > Sector 8 > AS Plack II,SAB/PLA/031,hfWin003381
Região de SAB > Sector 8 > AS Plack II,SAB/PLA/018,hfWin003368
Região de SAB > Sector 8 > AS Plack II,SAB/PLA/048,hfWin003398
Região de SAB > Sector 8 > AS Plack II,SAB/PLA/047,hfWin003397
Região de SAB > Sector 8 > AS Plack II,SAB/PLA/017,hfWin003367
Região de SAB > Sector 8 > AS Plack II,SAB/PLA/023,hfWin003373
Região de SAB > Sector 8 > AS Plack II,SAB/PLA/022,hfWin003372
Região de SAB > Sector 8 > AS Plack II,SAB/PLA/034,hfWin003384
Região de SAB > Sector 8 > AS Plack II,SAB/PLA/046,hfWin003396
Região de SAB > Sector 8 > AS Plack II,SAB/PLA/021,hfWin003371
Região de SAB > Sector 8 > AS Plack II,SAB/PLA/033,hfWin003383
Região de SAB > Sector 8 > AS Plack II,SAB/PLA/045,hfWin003395
Região de SAB > Sector 8 > AS Plack II,SAB/PLA/010,hfWin003360
Região de SAB > Sector 8 > AS Plack II,SAB/PLA/051,hfWin003401
Região de SAB > Sector 8 > AS Plack II,SAB/PLA/044,hfWin003394
Região de SAB > Sector 8 > AS Plack II,SAB/PLA/020,hfWin003370
Região de SAB > Sector 8 > AS Plack II,CS Clinica Nene Pedreira,KbTEHT9ohtP
Região de SAB > Sector 8 > AS Plack II,SAB/PLA/050,hfWin003400
Região de SAB > Sector 8 > AS Plack II,SAB/PLA/019,hfWin003369
Região de SAB > Sector 8 > AS Plack II,SAB/PLA/032,hfWin003382
Região de SAB > Sector 7 > AS Bairro Militar,SAB/B.MIL/051,SABBMIL0050
Região de SAB > Sector 7 > AS Bairro Militar,SAB/B.MIL/132,SABBMIL0131
Região de SAB > Sector 7 > AS Bairro Militar,SAB/BAM/036,hfWin002953
Região de SAB > Sector 7 > AS Bairro Militar,SAB/BAM/141,hfWin003058
Região de SAB > Sector 7 > AS Bairro Militar,SAB/B.MIL/047,SABBMIL0046
Região de SAB > Sector 7 > AS Bairro Militar,SAB/B.MIL/098,SABBMIL0097
Região de SAB > Sector 7 > AS Bairro Militar,SAB/B.MIL/126,SABBMIL0125
Região de SAB > Sector 7 > AS Bairro Militar,SAB/BAM/179,hfWin003096
Região de SAB > Sector 7 > AS Bairro Militar,SAB/BAM/118,hfWin003035
Região de SAB > Sector 7 > AS Bairro Militar,SAB/BAM/177,hfWin003094
Região de SAB > Sector 7 > AS Bairro Militar,CS Renato Grande,g4ebURUysqZ
Região de SAB > Sector 7 > AS Bairro Militar,SAB/B.MIL/070,SABBMIL0069
Região de SAB > Sector 7 > AS Bairro Militar,SAB/B.MIL/128,SABBMIL0127
Região de SAB > Sector 7 > AS Bairro Militar,SAB/BAM/038,hfWin002955
Região de SAB > Sector 7 > AS Bairro Militar,SAB/B.MIL/043,SABBMIL0042
Região de SAB > Sector 7 > AS Bairro Militar,SAB/BAM/124,hfWin003041
Região de SAB > Sector 7 > AS Bairro Militar,CS Ceu e Terra,CQGwlhWd1Ha
Região de SAB > Sector 7 > AS Bairro Militar,SAB/B.MIL/037,SABBMIL0036
Região de SAB > Sector 7 > AS Bairro Militar,SAB/BAM/134,hfWin003051
Região de SAB > Sector 7 > AS Bairro Militar,SAB/B.MIL/049,SABBMIL0048
Região de SAB > Sector 7 > AS Bairro Militar,SAB/BAM/085,hfWin003002
Região de SAB > Sector 7 > AS Bairro Militar,SAB/B.MIL/053,SABBMIL0052
Região de SAB > Sector 7 > AS Bairro Militar,SAB/B.MIL/002,SABBMIL0001
Região de SAB > Sector 7 > AS Bairro Militar,SAB/BAM/061,hfWin002978
Região de SAB > Sector 7 > AS Bairro Militar,SAB/B.MIL/041,SABBMIL0040
Região de SAB > Sector 7 > AS Bairro Militar,SAB/BAM/046,hfWin002963
Região de SAB > Sector 7 > AS Bairro Militar,SAB/BAM/034,hfWin002951
Região de SAB > Sector 7 > AS Bairro Militar,SAB/BAM/169,hfWin003086
Região de SAB > Sector 7 > AS Bairro Militar,SAB/BAM/051,hfWin002968
Região de SAB > Sector 7 > AS Bairro Militar,SAB/B.MIL/118,SABBMIL0117
Região de SAB > Sector 7 > AS Bairro Militar,SAB/BAM/002,hfWin002919
Região de SAB > Sector 7 > AS Bairro Militar,SAB/BAM/083,hfWin003000
Região de SAB > Sector 7 > AS Bairro Militar,SAB/B.MIL/039,SABBMIL0038
Região de SAB > Sector 7 > AS Bairro Militar,SAB/BAM/100,hfWin003017
Região de SAB > Sector 7 > AS Bairro Militar,CS Bairro Militar,UtVyhLzvE4f
Região de SAB > Sector 7 > AS Bairro Militar,SAB/BAM/108,hfWin003025
Região de SAB > Sector 7 > AS Bairro Militar,SAB/B.MIL/050,SABBMIL0049
Região de SAB > Sector 7 > AS Bairro Militar,SAB/B.MIL/080,SABBMIL0079
Região de SAB > Sector 7 > AS Bairro Militar,SAB/B.MIL/004,SABBMIL0003
Região de SAB > Sector 7 > AS Bairro Militar,SAB/BAM/114,hfWin003031
Região de SAB > Sector 7 > AS Bairro Militar,SAB/BAM/093,hfWin003010
Região de SAB > Sector 7 > AS Bairro Militar,SAB/BAM/173,hfWin003090
Região de SAB > Sector 7 > AS Bairro Militar,SAB/B.MIL/092,SABBMIL0091
Região de SAB > Sector 7 > AS Bairro Militar,SAB/B.MIL/035,SABBMIL0034
Região de SAB > Sector 7 > AS Bairro Militar,SAB/B.MIL/138,SABBMIL0137
Região de SAB > Sector 7 > AS Bairro Militar,SAB/B.MIL/114,SABBMIL0113
Região de SAB > Sector 7 > AS Bairro Militar,SAB/BAM/010,hfWin002927
Região de SAB > Sector 7 > AS Bairro Militar,SAB/BAM/167,hfWin003084
Região de SAB > Sector 7 > AS Bairro Militar,SAB/B.MIL/086,SABBMIL0085
Região de SAB > Sector 7 > AS Bairro Militar,SAB/BAM/071,hfWin002988
Região de SAB > Sector 7 > AS Bairro Militar,SAB/BAM/106,hfWin003023
Região de SAB > Sector 7 > AS Bairro Militar,SAB/BAM/136,hfWin003053
Região de SAB > Sector 7 > AS Bairro Militar,SAB/B.MIL/059,SABBMIL0058
Região de SAB > Sector 7 > AS Bairro Militar,SAB/BAM/182,hfWin003099
Região de SAB > Sector 7 > AS Bairro Militar,CS Cliníca Dr Sete,zsyOgToIQk8
Região de SAB > Sector 7 > AS Bairro Militar,SAB/BAM/012,hfWin002929
Região de SAB > Sector 7 > AS Bairro Militar,SAB/BAM/165,hfWin003082
Região de SAB > Sector 7 > AS Bairro Militar,SAB/BAM/102,hfWin003019
Região de SAB > Sector 7 > AS Bairro Militar,SAB/B.MIL/116,SABBMIL0115
Região de SAB > Sector 7 > AS Bairro Militar,SAB/B.MIL/031,SABBMIL0030
Região de SAB > Sector 7 > AS Bairro Militar,SAB/B.MIL/006,SABBMIL0005
Região de SAB > Sector 7 > AS Bairro Militar,SAB/B.MIL/122,SABBMIL0121
Região de SAB > Sector 7 > AS Bairro Militar,SAB/BAM/056,hfWin002973
Região de SAB > Sector 7 > AS Bairro Militar,SAB/BAM/151,hfWin003068
Região de SAB > Sector 7 > AS Bairro Militar,SAB/BAM/121,hfWin003038
Região de SAB > Sector 7 > AS Bairro Militar,SAB/B.MIL/084,SABBMIL0083
Região de SAB > Sector 7 > AS Bairro Militar,SAB/B.MIL/096,SABBMIL0095
Região de SAB > Sector 7 > AS Bairro Militar,SAB/BAM/044,hfWin002961
Região de SAB > Sector 7 > AS Bairro Militar,SAB/BAM/180,hfWin003097
Região de SAB > Sector 7 > AS Bairro Militar,SAB/B.MIL/134,SABBMIL0133
Região de SAB > Sector 7 > AS Bairro Militar,SAB/BAM/003,hfWin002920
Região de SAB > Sector 7 > AS Bairro Militar,SAB/B.MIL/008,SABBMIL0007
Região de SAB > Sector 7 > AS Bairro Militar,SAB/B.MIL/055,SABBMIL0054
Região de SAB > Sector 7 > AS Bairro Militar,SAB/B.MIL/067,SABBMIL0066
Região de SAB > Sector 7 > AS Bairro Militar,SAB/BAM/104,hfWin003021
Região de SAB > Sector 7 > AS Bairro Militar,SAB/BAM/128,hfWin003045
Região de SAB > Sector 7 > AS Bairro Militar,SAB/BAM/116,hfWin003033
Região de SAB > Sector 7 > AS Bairro Militar,SAB/B.MIL/136,SABBMIL0135
Região de SAB > Sector 7 > AS Bairro Militar,SAB/BAM/131,hfWin003048
Região de SAB > Sector 7 > AS Bairro Militar,SAB/B.MIL/060,SABBMIL0059
Região de SAB > Sector 7 > AS Bairro Militar,SAB/B.MIL/112,SABBMIL0111
Região de SAB > Sector 7 > AS Bairro Militar,SAB/B.MIL/124,SABBMIL0123
Região de SAB > Sector 7 > AS Bairro Militar,SAB/BAM/054,hfWin002971
Região de SAB > Sector 7 > AS Bairro Militar,SAB/B.MIL/057,SABBMIL0056
Região de SAB > Sector 7 > AS Bairro Militar,SAB/B.MIL/069,SABBMIL0068
Região de SAB > Sector 7 > AS Bairro Militar,SAB/BAM/005,hfWin002922
Região de SAB > Sector 7 > AS Bairro Militar,SAB/B.MIL/033,SABBMIL0032
Região de SAB > Sector 7 > AS Bairro Militar,SAB/BAM/126,hfWin003043
Região de SAB > Sector 7 > AS Bairro Militar,SAB/BAM/020,hfWin002937
Região de SAB > Sector 7 > AS Bairro Militar,SAB/B.MIL/045,SABBMIL0044
Região de SAB > Sector 7 > AS Bairro Militar,SAB/BAM/138,hfWin003055
Região de SAB > Sector 7 > AS Bairro Militar,SAB/B.MIL/094,SABBMIL0093
Região de SAB > Sector 7 > AS Bairro Militar,SAB/B.MIL/082,SABBMIL0081
Região de SAB > Sector 7 > AS Bairro Militar,SAB/BAM/175,hfWin003092
Região de SAB > Sector 7 > AS Bairro Militar,SAB/BAM/163,hfWin003080
Região de SAB > Sector 7 > AS Bairro Militar,SAB/BAM/022,hfWin002939
Região de SAB > Sector 7 > AS Bairro Militar,SAB/BAM/081,hfWin002998
Região de SAB > Sector 7 > AS Bairro Militar,SAB/B.MIL/074,SABBMIL0073
Região de SAB > Sector 7 > AS Bairro Militar,SAB/BAM/099,hfWin003016
Região de SAB > Sector 7 > AS Bairro Militar,SAB/BAM/013,hfWin002930
Região de SAB > Sector 7 > AS Bairro Militar,SAB/B.MIL/077,SABBMIL0076
Região de SAB > Sector 7 > AS Bairro Militar,SAB/BAM/153,hfWin003070
Região de SAB > Sector 7 > AS Bairro Militar,SAB/BAM/067,hfWin002984
Região de SAB > Sector 7 > AS Bairro Militar,SAB/B.MIL/120,SABBMIL0119
Região de SAB > Sector 7 > AS Bairro Militar,SAB/BAM/110,hfWin003027
Região de SAB > Sector 7 > AS Bairro Militar,SAB/BAM/063,hfWin002980
Região de SAB > Sector 7 > AS Bairro Militar,SAB/B.MIL/103,SABBMIL0102
Região de SAB > Sector 7 > AS Bairro Militar,SAB/BAM/170,hfWin003087
Região de SAB > Sector 7 > AS Bairro Militar,SAB/BAM/184,hfWin003101
Região de SAB > Sector 7 > AS Bairro Militar,SAB/BAM/030,hfWin002947
Região de SAB > Sector 7 > AS Bairro Militar,SAB/BAM/147,hfWin003064
Região de SAB > Sector 7 > AS Bairro Militar,SAB/B.MIL/073,SABBMIL0072
Região de SAB > Sector 7 > AS Bairro Militar,SAB/B.MIL/078,SABBMIL0077
Região de SAB > Sector 7 > AS Bairro Militar,SAB/B.MIL/024,SABBMIL0023
Região de SAB > Sector 7 > AS Bairro Militar,SAB/B.MIL/104,SABBMIL0103
Região de SAB > Sector 7 > AS Bairro Militar,SAB/BAM/008,hfWin002925
Região de SAB > Sector 7 > AS Bairro Militar,SAB/BAM/098,hfWin003015
Região de SAB > Sector 7 > AS Bairro Militar,SAB/BAM/183,hfWin003100
Região de SAB > Sector 7 > AS Bairro Militar,SAB/BAM/014,hfWin002931
Região de SAB > Sector 7 > AS Bairro Militar,SAB/BAM/068,hfWin002985
Região de SAB > Sector 7 > AS Bairro Militar,SAB/B.MIL/018,SABBMIL0017
Região de SAB > Sector 7 > AS Bairro Militar,SAB/B.MIL/025,SABBMIL0024
Região de SAB > Sector 7 > AS Bairro Militar,SAB/BAM/146,hfWin003063
Região de SAB > Sector 7 > AS Bairro Militar,SAB/BAM/057,hfWin002974
Região de SAB > Sector 7 > AS Bairro Militar,SAB/B.MIL/014,SABBMIL0013
Região de SAB > Sector 7 > AS Bairro Militar,SAB/BAM/009,hfWin002926
Região de SAB > Sector 7 > AS Bairro Militar,SAB/BAM/073,hfWin002990
Região de SAB > Sector 7 > AS Bairro Militar,SAB/B.MIL/090,SABBMIL0089
Região de SAB > Sector 7 > AS Bairro Militar,SAB/BAM/156,hfWin003073
Região de SAB > Sector 7 > AS Bairro Militar,SAB/BAM/111,hfWin003028
Região de SAB > Sector 7 > AS Bairro Militar,SAB/B.MIL/107,SABBMIL0106
Região de SAB > Sector 7 > AS Bairro Militar,SAB/BAM/058,hfWin002975
Região de SAB > Sector 7 > AS Bairro Militar,SAB/BAM/160,hfWin003077
Região de SAB > Sector 7 > AS Bairro Militar,SAB/B.MIL/064,SABBMIL0063
Região de SAB > Sector 7 > AS Bairro Militar,SAB/BAM/157,hfWin003074
Região de SAB > Sector 7 > AS Bairro Militar,SAB/B.MIL/015,SABBMIL0014
Região de SAB > Sector 7 > AS Bairro Militar,SAB/BAM/023,hfWin002940
Região de SAB > Sector 7 > AS Bairro Militar,SAB/BAM/095,hfWin003012
Região de SAB > Sector 7 > AS Bairro Militar,SAB/B.MIL/110,SABBMIL0109
Região de SAB > Sector 7 > AS Bairro Militar,SAB/B.MIL/108,SABBMIL0107
Região de SAB > Sector 7 > AS Bairro Militar,SAB/BAM/094,hfWin003011
Região de SAB > Sector 7 > AS Bairro Militar,SAB/BAM/018,hfWin002935
Região de SAB > Sector 7 > AS Bairro Militar,SAB/B.MIL/130,SABBMIL0129
Região de SAB > Sector 7 > AS Bairro Militar,SAB/BAM/113,hfWin003030
Região de SAB > Sector 7 > AS Bairro Militar,SAB/B.MIL/087,SABBMIL0086
Região de SAB > Sector 7 > AS Bairro Militar,SAB/BAM/053,hfWin002970
Região de SAB > Sector 7 > AS Bairro Militar,SAB/B.MIL/034,SABBMIL0033
Região de SAB > Sector 7 > AS Bairro Militar,SAB/B.MIL/137,SABBMIL0136
Região de SAB > Sector 7 > AS Bairro Militar,SAB/BAM/089,hfWin003006
Região de SAB > Sector 7 > AS Bairro Militar,SAB/B.MIL/058,SABBMIL0057
Região de SAB > Sector 7 > AS Bairro Militar,SAB/B.MIL/063,SABBMIL0062
Região de SAB > Sector 7 > AS Bairro Militar,SAB/B.MIL/093,SABBMIL0092
Região de SAB > Sector 7 > AS Bairro Militar,SAB/BAM/024,hfWin002941
Região de SAB > Sector 7 > AS Bairro Militar,SAB/B.MIL/088,SABBMIL0087
Região de SAB > Sector 7 > AS Bairro Militar,SAB/B.MIL/005,SABBMIL0004
Região de SAB > Sector 7 > AS Bairro Militar,SAB/BAM/070,hfWin002987
Região de SAB > Sector 7 > AS Bairro Militar,SAB/BAM/107,hfWin003024
Região de SAB > Sector 7 > AS Bairro Militar,SAB/B.MIL/029,SABBMIL0028
Região de SAB > Sector 7 > AS Bairro Militar,SAB/BAM/048,hfWin002965
Região de SAB > Sector 7 > AS Bairro Militar,SAB/BAM/101,hfWin003018
Região de SAB > Sector 7 > AS Bairro Militar,SAB/BAM/137,hfWin003054
Região de SAB > Sector 7 > AS Bairro Militar,SAB/BAM/041,hfWin002958
Região de SAB > Sector 7 > AS Bairro Militar,SAB/BAM/011,hfWin002928
Região de SAB > Sector 7 > AS Bairro Militar,SAB/BAM/166,hfWin003083
Região de SAB > Sector 7 > AS Bairro Militar,CS Centro Nutricional De Bra,qDbo9AOJEav
Região de SAB > Sector 7 > AS Bairro Militar,SAB/BAM/031,hfWin002948
Região de SAB > Sector 7 > AS Bairro Militar,SAB/BAM/117,hfWin003034
Região de SAB > Sector 7 > AS Bairro Militar,SAB/B.MIL/123,SABBMIL0122
Região de SAB > Sector 7 > AS Bairro Militar,SAB/BAM/120,hfWin003037
Região de SAB > Sector 7 > AS Bairro Militar,SAB/B.MIL/083,SABBMIL0082
Região de SAB > Sector 7 > AS Bairro Militar,SAB/B.MIL/019,SABBMIL0018
Região de SAB > Sector 7 > AS Bairro Militar,SAB/BAM/176,hfWin003093
Região de SAB > Sector 7 > AS Bairro Militar,SAB/BAM/043,hfWin002960
Região de SAB > Sector 7 > AS Bairro Militar,SAB/B.MIL/044,SABBMIL0043
Região de SAB > Sector 7 > AS Bairro Militar,SAB/B.MIL/009,SABBMIL0008
Região de SAB > Sector 7 > AS Bairro Militar,SAB/BAM/103,hfWin003020
Região de SAB > Sector 7 > AS Bairro Militar,SAB/BAM/127,hfWin003044
Região de SAB > Sector 7 > AS Bairro Militar,SAB/B.MIL/068,SABBMIL0067
Região de SAB > Sector 7 > AS Bairro Militar,SAB/BAM/004,hfWin002921
Região de SAB > Sector 7 > AS Bairro Militar,SAB/BAM/021,hfWin002938
Região de SAB > Sector 7 > AS Bairro Militar,SAB/BAM/080,hfWin002997
Região de SAB > Sector 7 > AS Bairro Militar,SAB/BAM/028,hfWin002945
Região de SAB > Sector 7 > AS Bairro Militar,SAB/BAM/092,hfWin003009
Região de SAB > Sector 7 > AS Bairro Militar,CS ClinIca Dr Raul,Pbt7ngxJsHA
Região de SAB > Sector 7 > AS Bairro Militar,SAB/B.MIL/113,SABBMIL0112
Região de SAB > Sector 7 > AS Bairro Militar,SAB/BAM/130,hfWin003047
Região de SAB > Sector 7 > AS Bairro Militar,SAB/B.MIL/140,SABBMIL0139
Região de SAB > Sector 7 > AS Bairro Militar,SAB/BAM/077,hfWin002994
Região de SAB > Sector 7 > AS Bairro Militar,SAB/B.MIL/046,SABBMIL0045
Região de SAB > Sector 7 > AS Bairro Militar,SAB/BAM/119,hfWin003036
Região de SAB > Sector 7 > AS Bairro Militar,SAB/BAM/125,hfWin003042
Região de SAB > Sector 7 > AS Bairro Militar,SAB/BAM/052,hfWin002969
Região de SAB > Sector 7 > AS Bairro Militar,SAB/BAM/037,hfWin002954
Região de SAB > Sector 7 > AS Bairro Militar,SAB/BAM/140,hfWin003057
Região de SAB > Sector 7 > AS Bairro Militar,SAB/B.MIL/010,SABBMIL0009
Região de SAB > Sector 7 > AS Bairro Militar,SAB/B.MIL/127,SABBMIL0126
Região de SAB > Sector 7 > AS Bairro Militar,SAB/B.MIL/133,SABBMIL0132
Região de SAB > Sector 7 > AS Bairro Militar,SAB/BAM/123,hfWin003040
Região de SAB > Sector 7 > AS Bairro Militar,SAB/BAM/033,hfWin002950
Região de SAB > Sector 7 > AS Bairro Militar,SAB/B.MIL/097,SABBMIL0096
Região de SAB > Sector 7 > AS Bairro Militar,SAB/BAM/060,hfWin002977
Região de SAB > Sector 7 > AS Bairro Militar,SAB/BAM/178,hfWin003095
Região de SAB > Sector 7 > AS Bairro Militar,SAB/B.MIL/048,SABBMIL0047
Região de SAB > Sector 7 > AS Bairro Militar,SAB/B.MIL/129,SABBMIL0128
Região de SAB > Sector 7 > AS Bairro Militar,SAB/B.MIL/001,SABBMIL0000
Região de SAB > Sector 7 > AS Bairro Militar,SAB/B.MIL/042,SABBMIL0041
Região de SAB > Sector 7 > AS Bairro Militar,SAB/B.MIL/054,SABBMIL0053
Região de SAB > Sector 7 > AS Bairro Militar,SAB/BAM/045,hfWin002962
Região de SAB > Sector 7 > AS Bairro Militar,SAB/B.MIL/038,SABBMIL0037
Região de SAB > Sector 7 > AS Bairro Militar,SAB/BAM/001,hfWin002918
Região de SAB > Sector 7 > AS Bairro Militar,SAB/BAM/150,hfWin003067
Região de SAB > Sector 7 > AS Bairro Militar,SAB/B.MIL/117,SABBMIL0116
Região de SAB > Sector 7 > AS Bairro Militar,SAB/BAM/050,hfWin002967
Região de SAB > Sector 7 > AS Bairro Militar,SAB/BAM/062,hfWin002979
Região de SAB > Sector 7 > AS Bairro Militar,SAB/B.MIL/003,SABBMIL0002
Região de SAB > Sector 7 > AS Bairro Militar,SAB/BAM/084,hfWin003001
Região de SAB > Sector 7 > AS Bairro Militar,SAB/BAM/109,hfWin003026
Região de SAB > Sector 7 > AS Bairro Militar,SAB/BAM/168,hfWin003085
Região de SAB > Sector 7 > AS Bairro Militar,SAB/B.MIL/119,SABBMIL0118
Região de SAB > Sector 7 > AS Bairro Militar,SAB/B.MIL/052,SABBMIL0051
Região de SAB > Sector 7 > AS Bairro Militar,CS Clinica Ga Nafa,ykYv4Q3NvWV
Região de SAB > Sector 7 > AS Bairro Militar,SAB/BAM/035,hfWin002952
Região de SAB > Sector 7 > AS Bairro Militar,SAB/BAM/047,hfWin002964
Região de SAB > Sector 7 > AS Bairro Militar,SAB/B.MIL/099,SABBMIL0098
Região de SAB > Sector 7 > AS Bairro Militar,SAB/BAM/133,hfWin003050
Região de SAB > Sector 7 > AS Bairro Militar,SAB/B.MIL/131,SABBMIL0130
Região de SAB > Sector 7 > AS Bairro Militar,SAB/BAM/143,hfWin003060
Região de SAB > Sector 7 > AS Bairro Militar,SAB/B.MIL/028,SABBMIL0027
Região de SAB > Sector 7 > AS Bairro Militar,SAB/BAM/088,hfWin003005
Região de SAB > Sector 7 > AS Bairro Militar,SAB/BAM/078,hfWin002995
Região de SAB > Sector 7 > AS Bairro Militar,SAB/BAM/076,hfWin002993
Região de SAB > Sector 7 > AS Bairro Militar,SAB/B.MIL/062,SABBMIL0061
Região de SAB > Sector 7 > AS Bairro Militar,SAB/B.MIL/011,SABBMIL0010
Região de SAB > Sector 7 > AS Bairro Militar,SAB/B.MIL/100,SABBMIL0099
Região de SAB > Sector 7 > AS Bairro Militar,SAB/BAM/040,hfWin002957
Região de SAB > Sector 7 > AS Bairro Militar,SAB/B.MIL/089,SABBMIL0088
Região de SAB > Sector 7 > AS Bairro Militar,SAB/BAM/025,hfWin002942
Região de SAB > Sector 7 > AS Bairro Militar,SAB/BAM/019,hfWin002936
Região de SAB > Sector 7 > AS Bairro Militar,SAB/BAM/042,hfWin002959
Região de SAB > Sector 7 > AS Bairro Militar,SAB/BAM/049,hfWin002966
Região de SAB > Sector 7 > AS Bairro Militar,SAB/BAM/086,hfWin003003
Região de SAB > Sector 7 > AS Bairro Militar,SAB/B.MIL/109,SABBMIL0108
Região de SAB > Sector 7 > AS Bairro Militar,SAB/BAM/074,hfWin002991
Região de SAB > Sector 7 > AS Bairro Militar,SAB/B.MIL/072,SABBMIL0071
Região de SAB > Sector 7 > AS Bairro Militar,SAB/BAM/027,hfWin002944
Região de SAB > Sector 7 > AS Bairro Militar,SAB/B.MIL/079,SABBMIL0078
Região de SAB > Sector 7 > AS Bairro Militar,SAB/BAM/015,hfWin002932
Região de SAB > Sector 7 > AS Bairro Militar,SAB/BAM/039,hfWin002956
Região de SAB > Sector 7 > AS Bairro Militar,SAB/BAM/091,hfWin003008
Região de SAB > Sector 7 > AS Bairro Militar,SAB/BAM/066,hfWin002983
Região de SAB > Sector 7 > AS Bairro Militar,SAB/BAM/017,hfWin002934
Região de SAB > Sector 7 > AS Bairro Militar,SAB/BAM/032,hfWin002949
Região de SAB > Sector 7 > AS Bairro Militar,SAB/BAM/029,hfWin002946
Região de SAB > Sector 7 > AS Bairro Militar,SAB/BAM/065,hfWin002982
Região de SAB > Sector 7 > AS Bairro Militar,SAB/BAM/112,hfWin003029
Região de SAB > Sector 7 > AS Bairro Militar,SAB/BAM/155,hfWin003072
Região de SAB > Sector 7 > AS Bairro Militar,SAB/BAM/171,hfWin003088
Região de SAB > Sector 7 > AS Bairro Militar,SAB/B.MIL/022,SABBMIL0021
Região de SAB > Sector 7 > AS Bairro Militar,SAB/BAM/006,hfWin002923
Região de SAB > Sector 7 > AS Bairro Militar,SAB/B.MIL/075,SABBMIL0074
Região de SAB > Sector 7 > AS Bairro Militar,SAB/B.MIL/081,SABBMIL0080
Região de SAB > Sector 7 > AS Bairro Militar,SAB/B.MIL/016,SABBMIL0015
Região de SAB > Sector 7 > AS Bairro Militar,SAB/B.MIL/021,SABBMIL0020
Região de SAB > Sector 7 > AS Bairro Militar,SAB/BAM/064,hfWin002981
Região de SAB > Sector 7 > AS Bairro Militar,SAB/B.MIL/102,SABBMIL0101
Região de SAB > Sector 7 > AS Bairro Militar,SAB/B.MIL/017,SABBMIL0016
Região de SAB > Sector 7 > AS Bairro Militar,SAB/BAM/149,hfWin003066
Região de SAB > Sector 7 > AS Bairro Militar,SAB/B.MIL/023,SABBMIL0022
Região de SAB > Sector 7 > AS Bairro Militar,SAB/BAM/082,hfWin002999
Região de SAB > Sector 7 > AS Bairro Militar,CS Clinica No LAB,DJarmXOg0xc
Região de SAB > Sector 7 > AS Bairro Militar,SAB/BAM/148,hfWin003065
Região de SAB > Sector 7 > AS Bairro Militar,SAB/BAM/007,hfWin002924
Região de SAB > Sector 7 > AS Bairro Militar,SAB/BAM/154,hfWin003071
Região de SAB > Sector 7 > AS Bairro Militar,SAB/B.MIL/040,SABBMIL0039
Região de SAB > Sector 7 > AS Bairro Militar,SAB/B.MIL/013,SABBMIL0012
Região de SAB > Sector 7 > AS Bairro Militar,SAB/BAM/162,hfWin003079
Região de SAB > Sector 7 > AS Bairro Militar,SAB/BAM/072,hfWin002989
Região de SAB > Sector 7 > AS Bairro Militar,SAB/B.MIL/030,SABBMIL0029
Região de SAB > Sector 7 > AS Bairro Militar,SAB/BAM/097,hfWin003014
Região de SAB > Sector 7 > AS Bairro Militar,SAB/BAM/069,hfWin002986
Região de SAB > Sector 7 > AS Bairro Militar,SAB/B.MIL/026,SABBMIL0025
Região de SAB > Sector 7 > AS Bairro Militar,SAB/BAM/122,hfWin003039
Região de SAB > Sector 7 > AS Bairro Militar,SAB/BAM/096,hfWin003013
Região de SAB > Sector 7 > AS Bairro Militar,SAB/B.MIL/065,SABBMIL0064
Região de SAB > Sector 7 > AS Bairro Militar,SAB/B.MIL/105,SABBMIL0104
Região de SAB > Sector 7 > AS Bairro Militar,SAB/BAM/158,hfWin003075
Região de SAB > Sector 7 > AS Bairro Militar,SAB/B.MIL/106,SABBMIL0105
Região de SAB > Sector 7 > AS Bairro Militar,SAB/BAM/144,hfWin003061
Região de SAB > Sector 7 > AS Bairro Militar,SAB/BAM/161,hfWin003078
Região de SAB > Sector 7 > AS Bairro Militar,SAB/BAM/172,hfWin003089
Região de SAB > Sector 7 > AS Bairro Militar,SAB/B.MIL/076,SABBMIL0075
Região de SAB > Sector 7 > AS Bairro Militar,SAB/BAM/145,hfWin003062
Região de SAB > Sector 7 > AS Bairro Militar,SAB/B.MIL/027,SABBMIL0026
Região de SAB > Sector 7 > AS Bairro Militar,SAB/BAM/059,hfWin002976
Região de SAB > Sector 7 > AS Bairro Militar,SAB/B.MIL/020,SABBMIL0019
Região de SAB > Sector 7 > AS Bairro Militar,SAB/BAM/152,hfWin003069
Região de SAB > Sector 7 > AS Bairro Militar,SAB/B.MIL/032,SABBMIL0031
Região de SAB > Sector 7 > AS Bairro Militar,SAB/B.MIL/115,SABBMIL0114
Região de SAB > Sector 7 > AS Bairro Militar,SAB/BAM/087,hfWin003004
Região de SAB > Sector 7 > AS Bairro Militar,SAB/B.MIL/139,SABBMIL0138
Região de SAB > Sector 7 > AS Bairro Militar,SAB/B.MIL/121,SABBMIL0120
Região de SAB > Sector 7 > AS Bairro Militar,SAB/BAM/079,hfWin002996
Região de SAB > Sector 7 > AS Bairro Militar,SAB/BAM/135,hfWin003052
Região de SAB > Sector 7 > AS Bairro Militar,SAB/BAM/075,hfWin002992
Região de SAB > Sector 7 > AS Bairro Militar,SAB/B.MIL/012,SABBMIL0011
Região de SAB > Sector 7 > AS Bairro Militar,SAB/B.MIL/036,SABBMIL0035
Região de SAB > Sector 7 > AS Bairro Militar,SAB/B.MIL/085,SABBMIL0084
Região de SAB > Sector 7 > AS Bairro Militar,SAB/B.MIL/066,SABBMIL0065
Região de SAB > Sector 7 > AS Bairro Militar,SAB/BAM/159,hfWin003076
Região de SAB > Sector 7 > AS Bairro Militar,SAB/BAM/129,hfWin003046
Região de SAB > Sector 7 > AS Bairro Militar,SAB/BAM/181,hfWin003098
Região de SAB > Sector 7 > AS Bairro Militar,SAB/B.MIL/061,SABBMIL0060
Região de SAB > Sector 7 > AS Bairro Militar,SAB/BAM/026,hfWin002943
Região de SAB > Sector 7 > AS Bairro Militar,SAB/B.MIL/091,SABBMIL0090
Região de SAB > Sector 7 > AS Bairro Militar,SAB/BAM/090,hfWin003007
Região de SAB > Sector 7 > AS Bairro Militar,SAB/BAM/164,hfWin003081
Região de SAB > Sector 7 > AS Bairro Militar,SAB/B.MIL/007,SABBMIL0006
Região de SAB > Sector 7 > AS Bairro Militar,SAB/BAM/105,hfWin003022
Região de SAB > Sector 7 > AS Bairro Militar,SAB/B.MIL/111,SABBMIL0110
Região de SAB > Sector 7 > AS Bairro Militar,SAB/B.MIL/135,SABBMIL0134
Região de SAB > Sector 7 > AS Bairro Militar,SAB/BAM/132,hfWin003049
Região de SAB > Sector 7 > AS Bairro Militar,SAB/B.MIL/071,SABBMIL0070
Região de SAB > Sector 7 > AS Bairro Militar,SAB/BAM/055,hfWin002972
Região de SAB > Sector 7 > AS Bairro Militar,SAB/B.MIL/095,SABBMIL0094
Região de SAB > Sector 7 > AS Bairro Militar,SAB/BAM/139,hfWin003056
Região de SAB > Sector 7 > AS Bairro Militar,SAB/B.MIL/056,SABBMIL0055
Região de SAB > Sector 7 > AS Bairro Militar,SAB/BAM/174,hfWin003091
Região de SAB > Sector 7 > AS Bairro Militar,SAB/BAM/115,hfWin003032
Região de SAB > Sector 7 > AS Bairro Militar,SAB/BAM/016,hfWin002933
Região de SAB > Sector 7 > AS Bairro Militar,SAB/B.MIL/125,SABBMIL0124
Região de SAB > Sector 7 > AS Bairro Militar,SAB/B.MIL/101,SABBMIL0100
Região de SAB > Sector 7 > AS Bairro Militar,SAB/BAM/142,hfWin003059
Região de SAB > Sector 7 > AS Djolo,SAB/DJO/001,IkPOSynrmo8
Região de SAB > Sector 7 > AS Djolo,SAB/DJO/007,OrZdcArxsjs
Região de SAB > Sector 7 > AS Djolo,SAB/DJO/008,wXjUxloJtJu
Região de SAB > Sector 7 > AS Djolo,SAB/DJO/012,ZcT9hivVM6Q
Região de SAB > Sector 7 > AS Djolo,SAB/DJO/010,xS3ziP2dj8K
Região de SAB > Sector 7 > AS Djolo,SAB/DJO/006,XxQxQtXKDAV
Região de SAB > Sector 7 > AS Djolo,SAB/DJO/002,wtU7XFRv2LM
Região de SAB > Sector 7 > AS Djolo,SAB/DJO/013,kGO5wyOu5NF
Região de SAB > Sector 7 > AS Djolo,SAB/DJO/003,ylVJMiHvc9h
Região de SAB > Sector 7 > AS Djolo,SAB/DJO/009,BdT0Ur88cUn
Região de SAB > Sector 7 > AS Djolo,CS Djolo,d72SXhkwQqQ
Região de SAB > Sector 7 > AS Djolo,SAB/DJO/011,Ie3A5SfPseW
Região de SAB > Sector 7 > AS Djolo,SAB/DJO/004,XzanHTYnJea
Região de SAB > Sector 7 > AS Djolo,SAB/DJO/005,WJofzBmZz32
Região de SAB > Sector 7 > AS Djolo,SAB/DJO/014,xwgcqy7QtbC
